Method,MACs (G),Inference Time (ms),PSNR,SSIM
YourModel,Your MACs,5.637556314468384,20.327997483570407,0.4389099038164576
