Method,MACs (G),Inference Time (ms),PSNR,SSIM
YourModel,Your MACs,6.250988692045212,16.952583791046766,0.3906084878881676
